{
    "Name": "Baked Turkey with Risotto",
    "Description": "Juicy, tender turkey slices over piping hot risotto.",
    "Category": "Cooking",
    "Edibility": 60,
    "Price": 175,
    "IsColored": false,
    "Recipe":
    {
        "ResultCount": 1,
        "Ingredients": [
        {
            "Object": "Cooked Turkey",
            "Count": 1,
        },
        {
            "Object": "Fiddlehead Risotto",
            "Count": 1,
        },
        {
            "Object": "Common Mushroom",
            "Count": 1,
        },
        ],
    },
    "PurchasePrice": 200,
    "PurchaseRequirements": null,
}