{
    "Name": "Roasted Fowl",
    "Description": "Marinated game fowl roasted in the oven and served with rice and slaw.",
    "Category": "Cooking",
    "Edibility": 60,
    "Price": 175,
    "IsColored": false,
    "Recipe":
    {
        "ResultCount": 1,
        "Ingredients": [
        {
            "Object": "Fowl",
            "Count": 1,
        },
        {
            "Object": "Rice",
            "Count": 2,
        },
        {
            "Object": "Coleslaw",
            "Count": 1,
        },
        ],
    },
    "PurchasePrice": 200,
    "PurchaseRequirements": null,
}