{
    "Name": "Cooked Boar",
    "Description": "A cooked slice of boar, ready for use in recipes.",
    "Category": "Cooking",
    "Edibility": -300,
    "Price": 75,
    "IsColored": false,
    "GiftTastes":
    {
        "Dislike": ["Abigail", "Alex", "Caroline", "Clint", "Demetrius", "Dwarf", "Elliott", "Emily", "Evelyn", "George", "Gus", "Haley", "Harvey", "Jas", "Jodi", "Kent", "Krobus", "Leah", "Lewis", "Linus", "Marnie", "Maru", "Pam", "Penny", "Pierre", "Robin", "Sam", "Sandy", "Shane", "Vincent", "Willy", "Wizard"],
        "Hate": ["Sebastian"],
    },
    "Recipe":
    {
        "ResultCount": 1,
        "Ingredients": [
        {
            "Object": "Wild Boar Meat",
            "Count": 1,
        },
        {
            "Object": "Seasonings",
            "Count": 1,
        },
        ],
    },
}
