{
    "Name": "Meaty Burrito Wrap",
    "Description": "So juicy, so tender! A completely different experience from regular beef burritos.",
    "Category": "Cooking",
    "Edibility": 60,
    "Price": 175,
    "IsColored": false,
    "Recipe":
    {
        "ResultCount": 1,
        "Ingredients": [
        {
            "Object": "Cooked Alpaca Meat",
            "Count": 1,
        },
        {
            "Object": "Tortilla",
            "Count": 1,
        },
        {
            "Object": "Tomato",
            "Count": 1,
        },
        {
            "Object": "Cheese",
            "Count": 1,
        },
        ],
    },
    "PurchasePrice": 200,
    "PurchaseRequirements": null,
}