{
    "Name": "Dragon Meat",
    "Description": "An oddly green steak cut from a dragon.",
    "Category": "Cooking",
    "Edibility": -300,
    "Price": 500,
    "IsColored": false,
    "GiftTastes":
    {
        "Dislike": ["Abigail", "Alex", "Caroline", "Clint", "Demetrius", "Dwarf", "Elliott", "Emily", "Evelyn", "George", "Gus", "Haley", "Harvey", "Jas", "Jodi", "Kent", "Krobus", "Leah", "Lewis", "Linus", "Marnie", "Maru", "Pam", "Penny", "Pierre", "Robin", "Sam", "Sandy", "Shane", "Vincent", "Willy", "Wizard"],
        "Hate": ["Sebastian"],
    },
}
