{
    "Name": "Beast n' Onion Handpie",
    "Description": "A crisp pasty stuffed with delicious minced beast meat.",
    "Category": "Cooking",
    "Edibility": 60,
    "Price": 175,
    "IsColored": false,
    "Recipe":
    {
        "ResultCount": 1,
        "Ingredients": [
        {
            "Object": "Cooked Beast Meat",
            "Count": 1,
        },
        {
            "Object": "Spring Onion",
            "Count": 1,
        },
        {
            "Object": "Batter",
            "Count": 1,
        },
        ],
    },
    "PurchasePrice": 200,
    "PurchaseRequirements": null,
}