{
    "Name": "Sweet n' Sour Bites",
    "Description": "Chunks of succulent dragon meat sauteed with a thick, sweet and sour glaze.",
    "Category": "Cooking",
    "Edibility": 60,
    "Price": 175,
    "IsColored": false,
    "Recipe":
    {
        "ResultCount": 1,
        "Ingredients": [
        {
            "Object": "Cooked Dragon Meat",
            "Count": 1,
        },
        {
            "Object": "Honey",
            "Count": 1,
        },
        {
            "Object": "Hot Pepper",
            "Count": 1,
        },
        {
            "Object": "Orange",
            "Count": 1,
        },
        ],
    },
    "PurchasePrice": 200,
    "PurchaseRequirements": null,
}